<?xml version="1.0"?>
<!--
/*
 * Copyright (c) 2020 PayGate (Pty) Ltd
 *
 * Author: App Inlet (Pty) Ltd
 * 
 * Released under the GNU General Public License
 */
-->
<config xmlns:xsi="http://www.w3.org/2001/XMLSchema-instance" xsi:noNamespaceSchemaLocation="urn:magento:framework:ObjectManager/etc/config.xsd">
    <virtualType name="Paygate\Paygate\Model\Session\Storage" type="Magento\Framework\Session\Storage">
        <arguments>
            <argument name="namespace" xsi:type="string">paygate</argument>
        </arguments>
    </virtualType>
    <virtualType name="Paygate\Paygate\Model\Session" type="Magento\Framework\Session\Generic">
        <arguments>
            <argument name="storage" xsi:type="object">Paygate\Paygate\Model\Session\Storage</argument>
        </arguments>
    </virtualType>

    <type name="Paygate\Paygate\Controller\AbstractPaygate">
        <arguments>
            <argument name="paygateSession" xsi:type="object">Paygate\Paygate\Model\Session</argument>
        </arguments>
    </type>

    <type name="Magento\Framework\Url\SecurityInfo">
        <arguments>
            <argument name="secureUrlList" xsi:type="array">
                <item name="paygate" xsi:type="string">/paygate/</item>
            </argument>
        </arguments>
    </type>

    <type name="Paygate\Paygate\Block\Payment\Info">
        <arguments>
            <argument name="data" xsi:type="array">
                <item xsi:type="string" name="is_secure_mode">1</item>
            </argument>
        </arguments>
    </type>

    <type name="Magento\Checkout\Model\CompositeConfigProvider">
        <arguments>
            <argument name="configProviders" xsi:type="array">
                <item name="paygate_config_provider" xsi:type="object">Paygate\Paygate\Model\PaygateConfigProvider</item>
            </argument>
        </arguments>
    </type>
</config>
