<?xml version="1.0"?>
<!--
/*
 * Copyright (c) 2020 PayGate (Pty) Ltd
 *
 * Author: App Inlet (Pty) Ltd
 * 
 * Released under the GNU General Public License
 */
-->
<config xmlns:xsi="http://www.w3.org/2001/XMLSchema-instance" xsi:noNamespaceSchemaLocation="urn:magento:module:Magento_Config:etc/system_file.xsd">
    <system>
        <section id="payment">
            <group id="paygate" translate="label" type="text" sortOrder="100" showInDefault="1" showInWebsite="1" showInStore="1">
                <label>Paygate</label>
                <field id="active" translate="label" type="select" sortOrder="1" showInDefault="1" showInWebsite="1" showInStore="1">
                    <label>Enabled</label>
                    <source_model>Magento\Config\Model\Config\Source\Yesno</source_model>
                </field>
                <field id="title" translate="label" type="text" sortOrder="10" showInDefault="1" showInWebsite="1" showInStore="1">
                    <label>Title</label>
                </field>
                <field id="Successful_Order_status" translate="label" type="select" sortOrder="70" showInDefault="1" showInWebsite="1" showInStore="1">
                    <label>Successful Order status</label>
                    <source_model>Magento\Sales\Model\Config\Source\Order\Status</source_model>
                </field>
                <field id="test_mode" translate="label" type="select" sortOrder="20" showInDefault="1" showInWebsite="1" showInStore="1">
                    <label>Test Mode</label>
                    <source_model>Magento\Config\Model\Config\Source\Yesno</source_model>
                </field>
                <field id="encryption_key" translate="label" type="text" sortOrder="36" showInDefault="1" showInWebsite="1" showInStore="1">
                    <label>Secret Key</label>
                </field>
                <field id="paygate_id" translate="label" type="text" sortOrder="35" showInDefault="1" showInWebsite="1" showInStore="1">
                    <label>PayGate ID</label>
                </field>
                <field id="allowed_carrier" translate="label" type="multiselect" sortOrder="30" showInDefault="1" showInWebsite="1" showInStore="1">
                    <label>Allowed Shipping Methods</label>
                    <source_model>Magento\Shipping\Model\Config\Source\Allmethods</source_model>
                </field>
                <field id="allowspecific" translate="label" type="allowspecific" sortOrder="40" showInDefault="1" showInWebsite="1" showInStore="1">
                    <label>Payment from Applicable Countries</label>
                    <source_model>Magento\Payment\Model\Config\Source\Allspecificcountries</source_model>
                </field>
                <field id="specificcountry" translate="label" type="multiselect" sortOrder="41" showInDefault="1" showInWebsite="1" showInStore="1">
                    <label>Payment from Specific Countries</label>
                    <source_model>Magento\Directory\Model\Config\Source\Country</source_model>
                    <can_be_empty>1</can_be_empty>
                </field>
                <field id="instructions" translate="label" sortOrder="50" showInDefault="1" showInWebsite="1" showInStore="1">
                    <label>Instructions</label>
                </field>
                <field id="ipn_method" translate="label" type="select" sortOrder="42" showInDefault="1" showInWebsite="1" showInStore="0">
                    <label>Process Transaction using (IPN)</label>
                    <source_model>Magento\Config\Model\Config\Source\Yesno</source_model>
                    <comment>Select "Yes" to process transactions using Instant Payment Notification (IPN method). If "No", this will fallback to the client's Browser (Redirect method).</comment>
                </field>
                <field id="order_email" translate="label" type="select" sortOrder="42" showInDefault="1" showInWebsite="1" showInStore="0">
                    <label>Send Order Email</label>
                    <source_model>Magento\Config\Model\Config\Source\Yesno</source_model>
                    <comment>Select "Yes" to Notify Users when successful order is created</comment>
                </field>
                <field id="invoice_email" translate="label" type="select" sortOrder="43" showInDefault="1" showInWebsite="1" showInStore="0">
                    <label>Send Invoice Email</label>
                    <source_model>Magento\Config\Model\Config\Source\Yesno</source_model>
                    <comment>Select "Yes" to Notify Users when successful invoice is created</comment>
                </field>
                <field id="sort_order" translate="label" type="text" sortOrder="100" showInDefault="1" showInWebsite="1" showInStore="1">
                    <label>Sort Order</label>
                    <frontend_class>validate-number</frontend_class>
                </field>
            </group>
        </section>
    </system>
</config>